{
  "CV": {
    "Accuracy_mean": 0.6351225490196079,
    "Accuracy_std": 0.00918185371702533,
    "Loss_mean": 0.5536936322848003,
    "Loss_std": 0.007105957345978498,
    "PerClassAUC_mean": {
      "Herbs and spices": 0.6378155946731567,
      "Tobacco/Smoke": 0.5409740209579468,
      "Wood": 0.5779292583465576,
      "Berries": 0.7446950674057007,
      "Citrus": 0.7580159306526184,
      "Fruits": 0.5940209627151489,
      "Nuts": 0.6319999694824219,
      "Coffee": 0.3970779478549957,
      "Chocolate/Cacao": 0.6325973272323608,
      "Flowers": 0.6994839310646057
    },
    "PerClassAUC_std": {
      "Herbs and spices": 0.021177465096116066,
      "Tobacco/Smoke": 0.02848266251385212,
      "Wood": 0.039014216512441635,
      "Berries": 0.021220626309514046,
      "Citrus": 0.017712730914354324,
      "Fruits": 0.019882362335920334,
      "Nuts": 0.04949859529733658,
      "Coffee": 0.02504090778529644,
      "Chocolate/Cacao": 0.01057506911456585,
      "Flowers": 0.019238581880927086
    }
  },
  "TEST": {
    "Accuracy_mean": 0.6142067307692308,
    "Accuracy_std": 0.011919793629330861,
    "Loss_mean": 0.5621371567249298,
    "Loss_std": 0.009913146370616912,
    "PerClassAUC_mean": {
      "Herbs and spices": 0.6801000833511353,
      "Tobacco/Smoke": 0.5093023180961609,
      "Wood": 0.5900375843048096,
      "Berries": 0.746604859828949,
      "Citrus": 0.6143047213554382,
      "Fruits": 0.7589572668075562,
      "Nuts": 0.16625002026557922,
      "Coffee": 0.5972561240196228,
      "Chocolate/Cacao": 0.5170940160751343,
      "Flowers": 0.7124423980712891
    },
    "PerClassAUC_std": {
      "Herbs and spices": 0.025665659457445145,
      "Tobacco/Smoke": 0.05316543206572533,
      "Wood": 0.05547301098704338,
      "Berries": 0.024035364389419556,
      "Citrus": 0.029898682609200478,
      "Fruits": 0.03218245506286621,
      "Nuts": 0.03363405913114548,
      "Coffee": 0.1011161282658577,
      "Chocolate/Cacao": 0.03413175791501999,
      "Flowers": 0.02128393016755581
    }
  }
}